{
    "metodo": "Regresión Lineal Múltiple - Mínimos Cuadrados Ordinarios (Normalizado)",
    "coeficientes_normalizados": {
        "beta_0": -3.769734400100949e-18,
        "beta_1": 0.0529913496514392,
        "beta_2": 0.9996039768381412,
        "beta_3": -0.07543964934478975
    },
    "MSE": 0.01578532191716434,
    "R2": 0.9987266917886619,
    "media_X": [
        654.8891036906855,
        91.96903339191564,
        0.0887993158172232
    ],
    "desviacion_X": [
        351.60475406323,
        24.27761929305318,
        0.07964972534603185
    ],
    "media_Y": 14.127291739894552,
    "desviacion_Y": 3.520950760711062
}