{
    "medias": {
        "radio_promedio": 14.127291739894552,
        "perimetro_promedio": 91.96903339191564,
        "concavidad_promedio": 0.0887993158172232
    },
    "n_observaciones": 569
}