{
    "medias": {
        "radio_promedio": 14.127291739894552,
        "perimetro_promedio": 91.96903339191564,
        "concavidad_promedio": 0.0887993158172232,
        "area_promedio": 654.8891036906855
    },
    "n_observaciones": 569,
    "coeficientes": {
        "radio_promedio": {
            "Sxx": 7053.946633571189,
            "Sxy": 695506.576508787,
            "beta_1": 98.59821921514512,
            "beta_0": -738.0367041957466,
            "media_y": 654.8891036906855,
            "regresion_estimada": "Y = -738.0367 + 98.5982 * X",
            "SS_e": 1767428.9562542243,
            "SCE": 70343138.85244289,
            "S2_insesgado": 3117.1586530056866,
            "sigma2_relativo": 0.02512581873779783,
            "R2": 0.9748741812622022,
            "r": 0.9873571700566125
        },
        "perimetro_promedio": {
            "Sxx": 335370.1923683655,
            "Sxy": 4791518.6920070285,
            "beta_1": 14.28725271667584,
            "beta_0": -659.0957184880124,
            "media_y": 654.8891036906855,
            "regresion_estimada": "Y = -659.0957 + 14.2873 * X",
            "SS_e": 1885500.403062376,
            "SCE": 70343138.85244289,
            "S2_insesgado": 3325.397536265213,
            "sigma2_relativo": 0.026804325678692627,
            "R2": 0.9731956743213074,
            "r": 0.9865068039913906
        },
        "concavidad_promedio": {
            "Sxx": 3.6097808074403397,
            "Sxy": 10931.116733328068,
            "beta_1": 3028.194041809208,
            "beta_0": 385.98754461623605,
            "media_y": 654.8891036906855,
            "regresion_estimada": "Y = 385.9875 + 3028.1940 * X",
            "SS_e": 37241596.290257886,
            "SCE": 70343138.85244289,
            "S2_insesgado": 65681.8276724125,
            "sigma2_relativo": 0.5294275589319193,
            "R2": 0.4705724410680807,
            "r": 0.6859828285519112
        }
    }
}