{
    "metodo": "Regresión Lineal Múltiple - Mínimos Cuadrados Ordinarios (MCO)",
    "coeficientes": {
        "beta_0": 0.7430408596867677,
        "beta_1": 0.000530652474720591,
        "beta_2": 0.14497123215308785,
        "beta_3": -3.3348425194731828
    },
    "MSE": 0.01578532191716433,
    "R2": 0.9987266917886619
}